filename,device
./dataset_libritts/6070/86744/6070_86744_000041_000001.wav,1
./dataset_libritts/6070/86744/6070_86744_000023_000000.wav,5
./dataset_libritts/6070/86744/6070_86744_000041_000002.wav,3
./dataset_libritts/6070/86744/6070_86744_000032_000000.wav,3
./dataset_libritts/6070/86744/6070_86744_000005_000000.wav,3
./dataset_libritts/6070/86744/6070_86744_000019_000000.wav,4
./dataset_libritts/6070/86744/6070_86744_000055_000000.wav,5
./dataset_libritts/6070/86744/6070_86744_000037_000000.wav,2
./dataset_libritts/6070/86744/6070_86744_000049_000000.wav,5
./dataset_libritts/6070/86744/6070_86744_000062_000001.wav,0
./dataset_libritts/6070/86744/6070_86744_000044_000000.wav,1
./dataset_libritts/6070/86744/6070_86744_000016_000000.wav,4
./dataset_libritts/6070/86744/6070_86744_000043_000001.wav,2
./dataset_libritts/6070/86744/6070_86744_000065_000001.wav,5
./dataset_libritts/6070/86744/6070_86744_000065_000000.wav,1
./dataset_libritts/6070/86744/6070_86744_000052_000000.wav,5
./dataset_libritts/6070/86744/6070_86744_000007_000000.wav,3
./dataset_libritts/6070/86744/6070_86744_000030_000000.wav,0
./dataset_libritts/6070/86744/6070_86744_000013_000003.wav,2
./dataset_libritts/6070/86744/6070_86744_000057_000001.wav,4
./dataset_libritts/6070/86744/6070_86744_000057_000000.wav,5
./dataset_libritts/6070/86744/6070_86744_000060_000000.wav,4
./dataset_libritts/6070/86744/6070_86744_000035_000000.wav,3
./dataset_libritts/6070/86744/6070_86744_000002_000000.wav,2
./dataset_libritts/6070/86744/6070_86744_000024_000000.wav,5
./dataset_libritts/6070/86744/6070_86744_000046_000000.wav,4
./dataset_libritts/6070/86744/6070_86744_000013_000001.wav,3
./dataset_libritts/6070/86744/6070_86744_000038_000000.wav,5
./dataset_libritts/6070/86744/6070_86744_000063_000000.wav,1
./dataset_libritts/6070/86744/6070_86744_000001_000000.wav,4
./dataset_libritts/6070/86744/6070_86744_000036_000000.wav,1
./dataset_libritts/6070/86744/6070_86744_000048_000000.wav,3
./dataset_libritts/6070/86744/6070_86744_000066_000004.wav,5
./dataset_libritts/6070/86744/6070_86744_000045_000001.wav,1
./dataset_libritts/6070/86744/6070_86744_000054_000003.wav,5
./dataset_libritts/6070/86744/6070_86744_000027_000001.wav,2
./dataset_libritts/6070/86744/6070_86744_000027_000000.wav,0
./dataset_libritts/6070/86744/6070_86744_000054_000002.wav,2
./dataset_libritts/6070/86744/6070_86744_000059_000001.wav,4
./dataset_libritts/6070/86744/6070_86744_000066_000003.wav,2
./dataset_libritts/6070/86744/6070_86744_000009_000000.wav,4
./dataset_libritts/6070/86744/6070_86744_000054_000006.wav,1
./dataset_libritts/6070/86744/6070_86744_000015_000000.wav,3
./dataset_libritts/6070/86744/6070_86744_000022_000000.wav,3
./dataset_libritts/6070/86744/6070_86744_000066_000002.wav,2
./dataset_libritts/6070/86744/6070_86744_000051_000000.wav,3
./dataset_libritts/6070/86744/6070_86744_000066_000000.wav,2
./dataset_libritts/6070/86744/6070_86744_000033_000000.wav,2
./dataset_libritts/6070/86744/6070_86744_000004_000000.wav,5
./dataset_libritts/6070/86744/6070_86744_000054_000005.wav,1
./dataset_libritts/6070/86744/6070_86744_000054_000004.wav,4
./dataset_libritts/6070/86744/6070_86744_000018_000000.wav,2
./dataset_libritts/6070/86744/6070_86744_000066_000001.wav,1
./dataset_libritts/6070/86744/6070_86744_000028_000000.wav,2
./dataset_libritts/6070/86744/6070_86744_000056_000000.wav,5
./dataset_libritts/6070/86744/6070_86744_000061_000000.wav,3
./dataset_libritts/6070/86744/6070_86744_000034_000000.wav,5
./dataset_libritts/6070/86744/6070_86744_000003_000000.wav,1
./dataset_libritts/6070/86744/6070_86744_000012_000000.wav,2
./dataset_libritts/6070/86744/6070_86744_000025_000000.wav,4
./dataset_libritts/6070/86744/6070_86744_000047_000000.wav,5
./dataset_libritts/6070/86744/6070_86744_000039_000000.wav,5
./dataset_libritts/6070/86744/6070_86744_000020_000000.wav,4
./dataset_libritts/6070/86744/6070_86744_000017_000000.wav,0
./dataset_libritts/6070/86744/6070_86744_000042_000000.wav,2
./dataset_libritts/6070/86744/6070_86744_000064_000001.wav,4
./dataset_libritts/6070/86744/6070_86744_000064_000000.wav,5
./dataset_libritts/6070/86744/6070_86744_000053_000000.wav,2
./dataset_libritts/6070/86744/6070_86744_000006_000000.wav,4
./dataset_libritts/6070/86744/6070_86744_000031_000000.wav,4
./dataset_libritts/6070/63485/6070_63485_000018_000000.wav,1
./dataset_libritts/6070/63485/6070_63485_000051_000001.wav,5
./dataset_libritts/6070/63485/6070_63485_000015_000001.wav,2
./dataset_libritts/6070/63485/6070_63485_000009_000000.wav,1
./dataset_libritts/6070/63485/6070_63485_000009_000001.wav,4
./dataset_libritts/6070/63485/6070_63485_000022_000000.wav,5
./dataset_libritts/6070/63485/6070_63485_000040_000000.wav,4
./dataset_libritts/6070/63485/6070_63485_000010_000001.wav,5
./dataset_libritts/6070/63485/6070_63485_000027_000001.wav,2
./dataset_libritts/6070/63485/6070_63485_000027_000000.wav,3
./dataset_libritts/6070/63485/6070_63485_000045_000000.wav,4
./dataset_libritts/6070/63485/6070_63485_000027_000002.wav,1
./dataset_libritts/6070/63485/6070_63485_000036_000001.wav,0
./dataset_libritts/6070/63485/6070_63485_000031_000001.wav,3
./dataset_libritts/6070/63485/6070_63485_000006_000000.wav,4
./dataset_libritts/6070/63485/6070_63485_000017_000002.wav,3
./dataset_libritts/6070/63485/6070_63485_000031_000000.wav,1
./dataset_libritts/6070/63485/6070_63485_000031_000002.wav,2
./dataset_libritts/6070/63485/6070_63485_000017_000001.wav,1
./dataset_libritts/6070/63485/6070_63485_000020_000001.wav,0
./dataset_libritts/6070/63485/6070_63485_000025_000000.wav,1
./dataset_libritts/6070/63485/6070_63485_000039_000000.wav,4
./dataset_libritts/6070/63485/6070_63485_000047_000001.wav,3
./dataset_libritts/6070/63485/6070_63485_000025_000001.wav,0
./dataset_libritts/6070/63485/6070_63485_000012_000001.wav,2
./dataset_libritts/6070/63485/6070_63485_000025_000003.wav,4
./dataset_libritts/6070/63485/6070_63485_000034_000001.wav,1
./dataset_libritts/6070/63485/6070_63485_000028_000000.wav,2
./dataset_libritts/6070/63485/6070_63485_000034_000000.wav,1
./dataset_libritts/6070/63485/6070_63485_000003_000000.wav,4
./dataset_libritts/6070/63485/6070_63485_000037_000003.wav,5
./dataset_libritts/6070/63485/6070_63485_000049_000002.wav,2
./dataset_libritts/6070/63485/6070_63485_000037_000002.wav,3
./dataset_libritts/6070/63485/6070_63485_000026_000000.wav,3
./dataset_libritts/6070/63485/6070_63485_000011_000000.wav,1
./dataset_libritts/6070/63485/6070_63485_000044_000000.wav,5
./dataset_libritts/6070/63485/6070_63485_000049_000001.wav,4
./dataset_libritts/6070/63485/6070_63485_000049_000000.wav,2
./dataset_libritts/6070/63485/6070_63485_000037_000001.wav,4
./dataset_libritts/6070/63485/6070_63485_000019_000001.wav,0
./dataset_libritts/6070/63485/6070_63485_000050_000000.wav,1
./dataset_libritts/6070/63485/6070_63485_000050_000001.wav,0
./dataset_libritts/6070/63485/6070_63485_000019_000000.wav,5
./dataset_libritts/6070/63485/6070_63485_000005_000002.wav,0
./dataset_libritts/6070/63485/6070_63485_000014_000000.wav,4
./dataset_libritts/6070/63485/6070_63485_000024_000000.wav,4
./dataset_libritts/6070/63485/6070_63485_000046_000000.wav,0
./dataset_libritts/6070/63485/6070_63485_000029_000000.wav,2
./dataset_libritts/6070/63485/6070_63485_000035_000000.wav,1
./dataset_libritts/6070/63485/6070_63485_000007_000000.wav,5
./dataset_libritts/6070/63485/6070_63485_000021_000000.wav,1
./dataset_libritts/6070/63485/6070_63485_000016_000000.wav,3
./dataset_libritts/6070/63485/6070_63485_000016_000001.wav,3
./dataset_libritts/6070/86745/6070_86745_000000_000001.wav,3
./dataset_libritts/6070/86745/6070_86745_000026_000001.wav,4
./dataset_libritts/6070/86745/6070_86745_000011_000000.wav,0
./dataset_libritts/6070/86745/6070_86745_000026_000000.wav,5
./dataset_libritts/6070/86745/6070_86745_000008_000000.wav,3
./dataset_libritts/6070/86745/6070_86745_000011_000004.wav,2
./dataset_libritts/6070/86745/6070_86745_000023_000000.wav,0
./dataset_libritts/6070/86745/6070_86745_000005_000002.wav,0
./dataset_libritts/6070/86745/6070_86745_000014_000000.wav,0
./dataset_libritts/6070/86745/6070_86745_000011_000005.wav,2
./dataset_libritts/6070/86745/6070_86745_000011_000007.wav,1
./dataset_libritts/6070/86745/6070_86745_000005_000000.wav,3
./dataset_libritts/6070/86745/6070_86745_000005_000001.wav,1
./dataset_libritts/6070/86745/6070_86745_000011_000006.wav,4
./dataset_libritts/6070/86745/6070_86745_000019_000000.wav,4
./dataset_libritts/6070/86745/6070_86745_000029_000000.wav,3
./dataset_libritts/6070/86745/6070_86745_000024_000003.wav,5
./dataset_libritts/6070/86745/6070_86745_000002_000015.wav,0
./dataset_libritts/6070/86745/6070_86745_000024_000002.wav,4
./dataset_libritts/6070/86745/6070_86745_000024_000000.wav,0
./dataset_libritts/6070/86745/6070_86745_000013_000000.wav,1
./dataset_libritts/6070/86745/6070_86745_000002_000016.wav,1
./dataset_libritts/6070/86745/6070_86745_000002_000003.wav,3
./dataset_libritts/6070/86745/6070_86745_000024_000001.wav,0
./dataset_libritts/6070/86745/6070_86745_000021_000000.wav,3
./dataset_libritts/6070/86745/6070_86745_000002_000007.wav,5
./dataset_libritts/6070/86745/6070_86745_000002_000013.wav,3
./dataset_libritts/6070/86745/6070_86745_000024_000004.wav,4
./dataset_libritts/6070/86745/6070_86745_000002_000006.wav,4
./dataset_libritts/6070/86745/6070_86745_000002_000005.wav,0
./dataset_libritts/6070/86745/6070_86745_000007_000000.wav,0
./dataset_libritts/6070/86745/6070_86745_000009_000000.wav,4
./dataset_libritts/6070/86745/6070_86745_000002_000008.wav,5
./dataset_libritts/6070/86745/6070_86745_000022_000000.wav,1
./dataset_libritts/6070/86745/6070_86745_000004_000000.wav,2
./dataset_libritts/6070/86745/6070_86745_000018_000000.wav,4
./dataset_libritts/6070/86745/6070_86745_000009_000002.wav,1
./dataset_libritts/6070/86745/6070_86745_000027_000001.wav,1
./dataset_libritts/6070/86745/6070_86745_000010_000000.wav,1
./dataset_libritts/6070/86745/6070_86745_000001_000002.wav,0
./dataset_libritts/6070/86745/6070_86745_000017_000000.wav,1
./dataset_libritts/6070/86745/6070_86745_000020_000000.wav,5
./dataset_libritts/6070/86745/6070_86745_000020_000001.wav,3
./dataset_libritts/6070/86745/6070_86745_000003_000005.wav,2
./dataset_libritts/6070/86745/6070_86745_000003_000000.wav,4
./dataset_libritts/6070/86745/6070_86745_000025_000002.wav,5
./dataset_libritts/6070/86745/6070_86745_000012_000000.wav,1
./dataset_libritts/7105/2330/7105_2330_000041_000000.wav,5
./dataset_libritts/7105/2330/7105_2330_000014_000000.wav,1
./dataset_libritts/7105/2330/7105_2330_000008_000000.wav,3
./dataset_libritts/7105/2330/7105_2330_000019_000000.wav,0
./dataset_libritts/7105/2330/7105_2330_000005_000001.wav,3
./dataset_libritts/7105/2330/7105_2330_000005_000000.wav,4
./dataset_libritts/7105/2330/7105_2330_000032_000000.wav,2
./dataset_libritts/7105/2330/7105_2330_000037_000000.wav,5
./dataset_libritts/7105/2330/7105_2330_000044_000000.wav,5
./dataset_libritts/7105/2330/7105_2330_000026_000000.wav,5
./dataset_libritts/7105/2330/7105_2330_000044_000001.wav,3
./dataset_libritts/7105/2330/7105_2330_000016_000001.wav,3
./dataset_libritts/7105/2330/7105_2330_000043_000000.wav,4
./dataset_libritts/7105/2330/7105_2330_000016_000000.wav,3
./dataset_libritts/7105/2330/7105_2330_000021_000000.wav,0
./dataset_libritts/7105/2330/7105_2330_000030_000000.wav,3
./dataset_libritts/7105/2330/7105_2330_000007_000000.wav,3
./dataset_libritts/7105/2330/7105_2330_000035_000000.wav,5
./dataset_libritts/7105/2330/7105_2330_000035_000001.wav,3
./dataset_libritts/7105/2330/7105_2330_000038_000000.wav,5
./dataset_libritts/7105/2330/7105_2330_000024_000000.wav,3
./dataset_libritts/7105/2330/7105_2330_000036_000001.wav,0
./dataset_libritts/7105/2330/7105_2330_000036_000000.wav,1
./dataset_libritts/7105/2330/7105_2330_000045_000000.wav,2
./dataset_libritts/7105/2330/7105_2330_000010_000000.wav,1
./dataset_libritts/7105/2330/7105_2330_000027_000000.wav,1
./dataset_libritts/7105/2330/7105_2330_000027_000001.wav,1
./dataset_libritts/7105/2330/7105_2330_000033_000002.wav,4
./dataset_libritts/7105/2330/7105_2330_000022_000000.wav,0
./dataset_libritts/7105/2330/7105_2330_000009_000000.wav,3
./dataset_libritts/7105/2330/7105_2330_000015_000001.wav,0
./dataset_libritts/7105/2330/7105_2330_000033_000001.wav,0
./dataset_libritts/7105/2330/7105_2330_000004_000001.wav,0
./dataset_libritts/7105/2330/7105_2330_000018_000000.wav,0
./dataset_libritts/7105/2330/7105_2330_000004_000000.wav,1
./dataset_libritts/7105/2330/7105_2330_000033_000000.wav,0
./dataset_libritts/7105/2330/7105_2330_000025_000002.wav,0
./dataset_libritts/7105/2330/7105_2330_000034_000000.wav,5
./dataset_libritts/7105/2330/7105_2330_000028_000001.wav,1
./dataset_libritts/7105/2330/7105_2330_000003_000003.wav,5
./dataset_libritts/7105/2330/7105_2330_000025_000001.wav,4
./dataset_libritts/7105/2330/7105_2330_000039_000000.wav,3
./dataset_libritts/7105/2330/7105_2330_000034_000002.wav,0
./dataset_libritts/7105/2330/7105_2330_000012_000000.wav,4
./dataset_libritts/7105/2330/7105_2330_000017_000001.wav,5
./dataset_libritts/7105/2330/7105_2330_000042_000000.wav,3
./dataset_libritts/7105/2330/7105_2330_000017_000000.wav,1
./dataset_libritts/7105/2330/7105_2330_000020_000000.wav,3
./dataset_libritts/7105/2330/7105_2330_000003_000007.wav,1
./dataset_libritts/7105/2330/7105_2330_000031_000000.wav,0
./dataset_libritts/7105/2330/7105_2330_000017_000002.wav,4
./dataset_libritts/7105/2330/7105_2330_000006_000000.wav,4
./dataset_libritts/7105/2330/7105_2330_000031_000001.wav,5
./dataset_libritts/7105/2330/7105_2330_000003_000010.wav,5
./dataset_libritts/7105/2340/7105_2340_000027_000001.wav,2
./dataset_libritts/7105/2340/7105_2340_000045_000000.wav,5
./dataset_libritts/7105/2340/7105_2340_000010_000000.wav,0
./dataset_libritts/7105/2340/7105_2340_000036_000001.wav,3
./dataset_libritts/7105/2340/7105_2340_000048_000000.wav,1
./dataset_libritts/7105/2340/7105_2340_000015_000002.wav,0
./dataset_libritts/7105/2340/7105_2340_000004_000000.wav,1
./dataset_libritts/7105/2340/7105_2340_000018_000000.wav,1
./dataset_libritts/7105/2340/7105_2340_000033_000001.wav,0
./dataset_libritts/7105/2340/7105_2340_000004_000001.wav,4
./dataset_libritts/7105/2340/7105_2340_000015_000001.wav,3
./dataset_libritts/7105/2340/7105_2340_000047_000000.wav,0
./dataset_libritts/7105/2340/7105_2340_000012_000001.wav,1
./dataset_libritts/7105/2340/7105_2340_000012_000003.wav,4
./dataset_libritts/7105/2340/7105_2340_000028_000000.wav,2
./dataset_libritts/7105/2340/7105_2340_000003_000000.wav,3
./dataset_libritts/7105/2340/7105_2340_000006_000001.wav,0
./dataset_libritts/7105/2340/7105_2340_000031_000000.wav,2
./dataset_libritts/7105/2340/7105_2340_000006_000000.wav,5
./dataset_libritts/7105/2340/7105_2340_000042_000000.wav,5
./dataset_libritts/7105/2340/7105_2340_000006_000002.wav,5
./dataset_libritts/7105/2340/7105_2340_000020_000000.wav,2
./dataset_libritts/7105/2340/7105_2340_000020_000001.wav,0
./dataset_libritts/7105/2340/7105_2340_000012_000004.wav,5
./dataset_libritts/7105/2340/7105_2340_000008_000003.wav,2
./dataset_libritts/7105/2340/7105_2340_000032_000000.wav,0
./dataset_libritts/7105/2340/7105_2340_000032_000001.wav,3
./dataset_libritts/7105/2340/7105_2340_000008_000002.wav,4
./dataset_libritts/7105/2340/7105_2340_000041_000000.wav,4
./dataset_libritts/7105/2340/7105_2340_000014_000000.wav,4
./dataset_libritts/7105/2340/7105_2340_000026_000001.wav,0
./dataset_libritts/7105/2340/7105_2340_000032_000006.wav,3
./dataset_libritts/7105/2340/7105_2340_000044_000002.wav,5
./dataset_libritts/7105/2340/7105_2340_000032_000005.wav,2
./dataset_libritts/7105/2340/7105_2340_000032_000004.wav,5
./dataset_libritts/7105/2340/7105_2340_000044_000003.wav,1
./dataset_libritts/7105/2340/7105_2340_000037_000001.wav,2
./dataset_libritts/7105/2340/7105_2340_000007_000001.wav,0
./dataset_libritts/7105/2340/7105_2340_000030_000001.wav,5
./dataset_libritts/7105/2340/7105_2340_000029_000004.wav,1
./dataset_libritts/7105/2340/7105_2340_000043_000000.wav,2
./dataset_libritts/7105/2340/7105_2340_000016_000000.wav,5
./dataset_libritts/7105/2340/7105_2340_000021_000000.wav,2
./dataset_libritts/7105/2340/7105_2340_000007_000003.wav,4
./dataset_libritts/7105/2340/7105_2340_000038_000001.wav,3
./dataset_libritts/7105/2340/7105_2340_000046_000000.wav,4
./dataset_libritts/7105/2340/7105_2340_000024_000000.wav,1
./dataset_libritts/7105/2340/7105_2340_000035_000002.wav,1
./dataset_libritts/7105/2340/7105_2340_000013_000000.wav,0
./dataset_libritts/7105/2340/7105_2340_000024_000001.wav,5
./dataset_libritts/7105/2340/7105_2340_000046_000001.wav,2
./dataset_libritts/7105/2340/7105_2340_000007_000006.wav,0
./dataset_libritts/7105/2340/7105_2340_000038_000000.wav,4
./dataset_libritts/7105/2340/7105_2340_000029_000002.wav,5
./dataset_libritts/7105/2340/7105_2340_000035_000001.wav,2
./dataset_libritts/7105/2340/7105_2340_000002_000000.wav,4
./dataset_libritts/7105/2340/7105_2340_000013_000002.wav,5
./dataset_libritts/7105/2340/7105_2340_000035_000000.wav,1
./dataset_libritts/7105/2340/7105_2340_000029_000001.wav,1
./dataset_libritts/533/1066/533_1066_000018_000000.wav,5
./dataset_libritts/533/1066/533_1066_000015_000003.wav,5
./dataset_libritts/533/1066/533_1066_000015_000002.wav,1
./dataset_libritts/533/1066/533_1066_000009_000001.wav,0
./dataset_libritts/533/1066/533_1066_000022_000000.wav,2
./dataset_libritts/533/1066/533_1066_000004_000002.wav,1
./dataset_libritts/533/1066/533_1066_000015_000000.wav,2
./dataset_libritts/533/1066/533_1066_000004_000003.wav,4
./dataset_libritts/533/1066/533_1066_000022_000001.wav,2
./dataset_libritts/533/1066/533_1066_000009_000000.wav,1
./dataset_libritts/533/1066/533_1066_000010_000000.wav,4
./dataset_libritts/533/1066/533_1066_000015_000004.wav,3
./dataset_libritts/533/1066/533_1066_000004_000004.wav,3
./dataset_libritts/533/1066/533_1066_000010_000002.wav,0
./dataset_libritts/533/1066/533_1066_000001_000000.wav,0
./dataset_libritts/533/1066/533_1066_000020_000002.wav,1
./dataset_libritts/533/1066/533_1066_000006_000000.wav,4
./dataset_libritts/533/1066/533_1066_000025_000000.wav,5
./dataset_libritts/533/1066/533_1066_000012_000000.wav,5
./dataset_libritts/533/1066/533_1066_000003_000001.wav,3
./dataset_libritts/533/1066/533_1066_000014_000002.wav,2
./dataset_libritts/533/1066/533_1066_000008_000000.wav,0
./dataset_libritts/533/1066/533_1066_000014_000001.wav,4
./dataset_libritts/533/1066/533_1066_000023_000001.wav,2
./dataset_libritts/533/1066/533_1066_000013_000000.wav,2
./dataset_libritts/533/1066/533_1066_000007_000000.wav,4
./dataset_libritts/533/1066/533_1066_000016_000003.wav,3
./dataset_libritts/533/131564/533_131564_000026_000000.wav,4
./dataset_libritts/533/131564/533_131564_000037_000002.wav,0
./dataset_libritts/533/131564/533_131564_000008_000000.wav,0
./dataset_libritts/533/131564/533_131564_000041_000000.wav,4
./dataset_libritts/533/131564/533_131564_000032_000000.wav,2
./dataset_libritts/533/131564/533_131564_000008_000003.wav,0
./dataset_libritts/533/131564/533_131564_000002_000001.wav,0
./dataset_libritts/533/131564/533_131564_000029_000000.wav,0
./dataset_libritts/533/131564/533_131564_000035_000000.wav,5
./dataset_libritts/533/131564/533_131564_000002_000000.wav,3
./dataset_libritts/533/131564/533_131564_000013_000000.wav,5
./dataset_libritts/533/131564/533_131564_000024_000000.wav,2
./dataset_libritts/533/131564/533_131564_000035_000002.wav,5
./dataset_libritts/533/131564/533_131564_000046_000000.wav,1
./dataset_libritts/533/131564/533_131564_000035_000003.wav,0
./dataset_libritts/533/131564/533_131564_000016_000000.wav,4
./dataset_libritts/533/131564/533_131564_000043_000000.wav,4
./dataset_libritts/533/131564/533_131564_000030_000001.wav,1
./dataset_libritts/533/131564/533_131564_000007_000000.wav,0
./dataset_libritts/533/131564/533_131564_000040_000001.wav,1
./dataset_libritts/533/131564/533_131564_000015_000000.wav,5
./dataset_libritts/533/131564/533_131564_000040_000000.wav,0
./dataset_libritts/533/131564/533_131564_000018_000001.wav,0
./dataset_libritts/533/131564/533_131564_000018_000000.wav,3
./dataset_libritts/533/131564/533_131564_000001_000000.wav,2
./dataset_libritts/533/131564/533_131564_000010_000000.wav,1
./dataset_libritts/533/131564/533_131564_000020_000000.wav,1
./dataset_libritts/533/131564/533_131564_000017_000000.wav,2
./dataset_libritts/533/131564/533_131564_000042_000001.wav,3
./dataset_libritts/533/131564/533_131564_000031_000001.wav,3
./dataset_libritts/533/131564/533_131564_000042_000003.wav,1
./dataset_libritts/533/131564/533_131564_000031_000000.wav,0
./dataset_libritts/533/131564/533_131564_000034_000000.wav,4
./dataset_libritts/533/131564/533_131564_000003_000000.wav,0
./dataset_libritts/533/131564/533_131564_000039_000001.wav,3
./dataset_libritts/533/131564/533_131564_000047_000000.wav,0
./dataset_libritts/533/131562/533_131562_000024_000000.wav,5
./dataset_libritts/533/131562/533_131562_000002_000003.wav,2
./dataset_libritts/533/131562/533_131562_000005_000000.wav,5
./dataset_libritts/533/131562/533_131562_000032_000001.wav,3
./dataset_libritts/533/131562/533_131562_000023_000000.wav,5
./dataset_libritts/533/131562/533_131562_000026_000001.wav,3
./dataset_libritts/533/131562/533_131562_000011_000000.wav,5
./dataset_libritts/533/131562/533_131562_000026_000000.wav,0
./dataset_libritts/533/131562/533_131562_000012_000000.wav,2
./dataset_libritts/533/131562/533_131562_000031_000005.wav,5
./dataset_libritts/533/131562/533_131562_000028_000001.wav,1
./dataset_libritts/533/131562/533_131562_000031_000000.wav,5
./dataset_libritts/533/131562/533_131562_000020_000000.wav,4
./dataset_libritts/533/131562/533_131562_000012_000004.wav,1
./dataset_libritts/533/131562/533_131562_000010_000001.wav,4
./dataset_libritts/533/131562/533_131562_000010_000000.wav,2
./dataset_libritts/533/131562/533_131562_000001_000000.wav,2
./dataset_libritts/533/131562/533_131562_000018_000000.wav,3
./dataset_libritts/533/131562/533_131562_000022_000000.wav,2
./dataset_libritts/533/131556/533_131556_000030_000000.wav,0
./dataset_libritts/533/131556/533_131556_000002_000004.wav,2
./dataset_libritts/533/131556/533_131556_000030_000001.wav,5
./dataset_libritts/533/131556/533_131556_000002_000002.wav,4
./dataset_libritts/533/131556/533_131556_000029_000000.wav,1
./dataset_libritts/533/131556/533_131556_000008_000000.wav,3
./dataset_libritts/533/131556/533_131556_000012_000001.wav,0
./dataset_libritts/533/131556/533_131556_000012_000000.wav,2
./dataset_libritts/533/131556/533_131556_000025_000000.wav,0
./dataset_libritts/533/131556/533_131556_000028_000000.wav,1
./dataset_libritts/533/131556/533_131556_000006_000000.wav,2
./dataset_libritts/533/131556/533_131556_000017_000000.wav,5
./dataset_libritts/533/131556/533_131556_000010_000000.wav,3
./dataset_libritts/533/131556/533_131556_000001_000003.wav,4
./dataset_libritts/533/131556/533_131556_000027_000001.wav,2
./dataset_libritts/533/131556/533_131556_000001_000000.wav,0
./dataset_libritts/533/131556/533_131556_000001_000005.wav,1
./dataset_libritts/533/131556/533_131556_000004_000000.wav,3
./dataset_libritts/533/131556/533_131556_000015_000000.wav,3
./dataset_libritts/533/131556/533_131556_000022_000000.wav,5
./dataset_libritts/533/131556/533_131556_000001_000006.wav,0
./dataset_libritts/533/131556/533_131556_000009_000000.wav,0
./dataset_libritts/3764/168670/3764_168670_000058_000000.wav,2
./dataset_libritts/3764/168670/3764_168670_000087_000009.wav,2
./dataset_libritts/3764/168670/3764_168670_000041_000004.wav,2
./dataset_libritts/3764/168670/3764_168670_000044_000001.wav,1
./dataset_libritts/3764/168670/3764_168670_000008_000004.wav,0
./dataset_libritts/3764/168670/3764_168670_000026_000000.wav,3
./dataset_libritts/3764/168670/3764_168670_000087_000008.wav,1
./dataset_libritts/3764/168670/3764_168670_000037_000000.wav,3
./dataset_libritts/3764/168670/3764_168670_000055_000000.wav,1
./dataset_libritts/3764/168670/3764_168670_000062_000000.wav,5
./dataset_libritts/3764/168670/3764_168670_000081_000000.wav,2
./dataset_libritts/3764/168670/3764_168670_000011_000003.wav,4
./dataset_libritts/3764/168670/3764_168670_000049_000000.wav,4
./dataset_libritts/3764/168670/3764_168670_000005_000000.wav,2
./dataset_libritts/3764/168670/3764_168670_000067_000000.wav,1
./dataset_libritts/3764/168670/3764_168670_000050_000000.wav,1
./dataset_libritts/3764/168670/3764_168670_000019_000001.wav,5
./dataset_libritts/3764/168670/3764_168670_000008_000003.wav,5
./dataset_libritts/3764/168670/3764_168670_000008_000002.wav,0
./dataset_libritts/3764/168670/3764_168670_000012_000008.wav,0
./dataset_libritts/3764/168670/3764_168670_000041_000003.wav,4
./dataset_libritts/3764/168670/3764_168670_000084_000000.wav,2
./dataset_libritts/3764/168670/3764_168670_000041_000001.wav,0
./dataset_libritts/3764/168670/3764_168670_000008_000000.wav,0
./dataset_libritts/3764/168670/3764_168670_000008_000001.wav,5
./dataset_libritts/3764/168670/3764_168670_000041_000000.wav,1
./dataset_libritts/3764/168670/3764_168670_000076_000000.wav,2
./dataset_libritts/3764/168670/3764_168670_000023_000000.wav,3
./dataset_libritts/3764/168670/3764_168670_000083_000003.wav,5
./dataset_libritts/3764/168670/3764_168670_000046_000000.wav,4
./dataset_libritts/3764/168670/3764_168670_000071_000000.wav,0
./dataset_libritts/3764/168670/3764_168670_000024_000000.wav,0
./dataset_libritts/3764/168670/3764_168670_000013_000000.wav,0
./dataset_libritts/3764/168670/3764_168670_000038_000000.wav,0
./dataset_libritts/3764/168670/3764_168670_000083_000002.wav,2
./dataset_libritts/3764/168670/3764_168670_000083_000000.wav,2
./dataset_libritts/3764/168670/3764_168670_000071_000003.wav,0
./dataset_libritts/3764/168670/3764_168670_000002_000000.wav,3
./dataset_libritts/3764/168670/3764_168670_000035_000000.wav,2
./dataset_libritts/3764/168670/3764_168670_000071_000002.wav,2
./dataset_libritts/3764/168670/3764_168670_000060_000000.wav,3
./dataset_libritts/3764/168670/3764_168670_000057_000000.wav,3
./dataset_libritts/3764/168670/3764_168670_000083_000001.wav,1
./dataset_libritts/3764/168670/3764_168670_000083_000005.wav,5
./dataset_libritts/3764/168670/3764_168670_000079_000000.wav,2
./dataset_libritts/3764/168670/3764_168670_000065_000001.wav,0
./dataset_libritts/3764/168670/3764_168670_000086_000000.wav,4
./dataset_libritts/3764/168670/3764_168670_000030_000000.wav,3
./dataset_libritts/3764/168670/3764_168670_000007_000000.wav,0
./dataset_libritts/3764/168670/3764_168670_000052_000000.wav,5
./dataset_libritts/3764/168670/3764_168670_000083_000004.wav,0
./dataset_libritts/3764/168670/3764_168670_000071_000005.wav,3
./dataset_libritts/3764/168670/3764_168670_000065_000002.wav,2
./dataset_libritts/3764/168670/3764_168670_000043_000000.wav,1
./dataset_libritts/3764/168670/3764_168670_000016_000000.wav,5
./dataset_libritts/3764/168670/3764_168670_000021_000000.wav,3
./dataset_libritts/3764/168670/3764_168670_000016_000001.wav,1
./dataset_libritts/3764/168670/3764_168670_000071_000004.wav,0
./dataset_libritts/3764/168670/3764_168670_000004_000000.wav,1
./dataset_libritts/3764/168670/3764_168670_000051_000000.wav,4
./dataset_libritts/3764/168670/3764_168670_000085_000000.wav,5
./dataset_libritts/3764/168670/3764_168670_000018_000000.wav,3
./dataset_libritts/3764/168670/3764_168670_000009_000000.wav,3
./dataset_libritts/3764/168670/3764_168670_000077_000001.wav,4
./dataset_libritts/3764/168670/3764_168670_000077_000000.wav,0
./dataset_libritts/3764/168670/3764_168670_000022_000000.wav,2
./dataset_libritts/3764/168670/3764_168670_000015_000000.wav,1
./dataset_libritts/3764/168670/3764_168670_000072_000001.wav,1
./dataset_libritts/3764/168670/3764_168670_000059_000000.wav,4
./dataset_libritts/3764/168670/3764_168670_000072_000000.wav,1
./dataset_libritts/3764/168670/3764_168670_000045_000000.wav,0
./dataset_libritts/3764/168670/3764_168670_000010_000000.wav,1
./dataset_libritts/3764/168670/3764_168670_000027_000000.wav,3
./dataset_libritts/3764/168670/3764_168670_000036_000000.wav,1
./dataset_libritts/3764/168670/3764_168670_000001_000000.wav,4
./dataset_libritts/3764/168670/3764_168670_000054_000000.wav,4
./dataset_libritts/3764/168670/3764_168670_000048_000000.wav,5
./dataset_libritts/3764/168670/3764_168670_000080_000000.wav,1
./dataset_libritts/3764/168670/3764_168670_000054_000001.wav,3
./dataset_libritts/3764/168670/3764_168670_000036_000001.wav,2
./dataset_libritts/3764/168670/3764_168670_000064_000001.wav,4
./dataset_libritts/3764/168670/3764_168670_000087_000014.wav,0
./dataset_libritts/3764/168670/3764_168670_000078_000000.wav,4
./dataset_libritts/3764/168670/3764_168670_000012_000006.wav,4
./dataset_libritts/3764/168670/3764_168670_000031_000000.wav,5
./dataset_libritts/3764/168670/3764_168670_000006_000000.wav,3
./dataset_libritts/3764/168670/3764_168670_000017_000002.wav,2
./dataset_libritts/3764/168670/3764_168670_000087_000001.wav,0
./dataset_libritts/3764/168670/3764_168670_000053_000000.wav,1
./dataset_libritts/3764/168670/3764_168670_000064_000000.wav,0
./dataset_libritts/3764/168670/3764_168670_000075_000000.wav,2
./dataset_libritts/3764/168670/3764_168670_000064_000002.wav,0
./dataset_libritts/3764/168670/3764_168670_000042_000000.wav,2
./dataset_libritts/3764/168670/3764_168670_000087_000003.wav,3
./dataset_libritts/3764/168670/3764_168670_000017_000000.wav,5
./dataset_libritts/3764/168670/3764_168670_000020_000000.wav,3
./dataset_libritts/3764/168670/3764_168670_000012_000005.wav,2
./dataset_libritts/3764/168670/3764_168670_000012_000010.wav,5
./dataset_libritts/3764/168670/3764_168670_000012_000004.wav,2
./dataset_libritts/3764/168670/3764_168670_000069_000000.wav,2
./dataset_libritts/3764/168670/3764_168670_000017_000001.wav,0
./dataset_libritts/3764/168670/3764_168670_000087_000016.wav,2
./dataset_libritts/3764/168670/3764_168670_000087_000002.wav,3
./dataset_libritts/3764/168670/3764_168670_000087_000006.wav,0
./dataset_libritts/3764/168670/3764_168670_000087_000012.wav,1
./dataset_libritts/3764/168670/3764_168670_000047_000000.wav,2
./dataset_libritts/3764/168670/3764_168670_000025_000000.wav,3
./dataset_libritts/3764/168670/3764_168670_000012_000000.wav,1
./dataset_libritts/3764/168670/3764_168670_000070_000001.wav,2
./dataset_libritts/3764/168670/3764_168670_000087_000013.wav,1
./dataset_libritts/3764/168670/3764_168670_000087_000007.wav,4
./dataset_libritts/3764/168670/3764_168670_000087_000011.wav,1
./dataset_libritts/3764/168670/3764_168670_000087_000005.wav,3
./dataset_libritts/3764/168670/3764_168670_000082_000000.wav,3
./dataset_libritts/3764/168670/3764_168670_000003_000000.wav,2
./dataset_libritts/3764/168670/3764_168670_000012_000002.wav,3
./dataset_libritts/3764/168670/3764_168670_000034_000000.wav,1
./dataset_libritts/3764/168670/3764_168670_000061_000000.wav,2
./dataset_libritts/3764/168670/3764_168670_000056_000000.wav,2
./dataset_libritts/3764/168670/3764_168670_000087_000004.wav,2
./dataset_libritts/3764/168670/3764_168670_000087_000010.wav,4
./dataset_libritts/3764/168671/3764_168671_000032_000000.wav,3
./dataset_libritts/3764/168671/3764_168671_000005_000000.wav,5
./dataset_libritts/3764/168671/3764_168671_000067_000000.wav,4
./dataset_libritts/3764/168671/3764_168671_000019_000000.wav,5
./dataset_libritts/3764/168671/3764_168671_000050_000001.wav,1
./dataset_libritts/3764/168671/3764_168671_000005_000003.wav,4
./dataset_libritts/3764/168671/3764_168671_000008_000000.wav,5
./dataset_libritts/3764/168671/3764_168671_000008_000001.wav,5
./dataset_libritts/3764/168671/3764_168671_000041_000000.wav,4
./dataset_libritts/3764/168671/3764_168671_000014_000000.wav,5
./dataset_libritts/3764/168671/3764_168671_000005_000002.wav,2
./dataset_libritts/3764/168671/3764_168671_000023_000000.wav,1
./dataset_libritts/3764/168671/3764_168671_000005_000006.wav,3
./dataset_libritts/3764/168671/3764_168671_000026_000000.wav,4
./dataset_libritts/3764/168671/3764_168671_000005_000007.wav,2
./dataset_libritts/3764/168671/3764_168671_000058_000001.wav,4
./dataset_libritts/3764/168671/3764_168671_000058_000003.wav,2
./dataset_libritts/3764/168671/3764_168671_000037_000000.wav,5
./dataset_libritts/3764/168671/3764_168671_000062_000000.wav,4
./dataset_libritts/3764/168671/3764_168671_000055_000000.wav,2
./dataset_libritts/3764/168671/3764_168671_000055_000001.wav,5
./dataset_libritts/3764/168671/3764_168671_000038_000007.wav,2
./dataset_libritts/3764/168671/3764_168671_000030_000001.wav,4
./dataset_libritts/3764/168671/3764_168671_000007_000000.wav,0
./dataset_libritts/3764/168671/3764_168671_000065_000000.wav,1
./dataset_libritts/3764/168671/3764_168671_000052_000000.wav,0
./dataset_libritts/3764/168671/3764_168671_000043_000000.wav,1
./dataset_libritts/3764/168671/3764_168671_000021_000000.wav,5
./dataset_libritts/3764/168671/3764_168671_000007_000002.wav,4
./dataset_libritts/3764/168671/3764_168671_000007_000003.wav,4
./dataset_libritts/3764/168671/3764_168671_000038_000005.wav,0
./dataset_libritts/3764/168671/3764_168671_000046_000000.wav,3
./dataset_libritts/3764/168671/3764_168671_000013_000000.wav,2
./dataset_libritts/3764/168671/3764_168671_000024_000000.wav,1
./dataset_libritts/3764/168671/3764_168671_000038_000001.wav,2
./dataset_libritts/3764/168671/3764_168671_000007_000007.wav,5
./dataset_libritts/3764/168671/3764_168671_000007_000006.wav,3
./dataset_libritts/3764/168671/3764_168671_000038_000000.wav,3
./dataset_libritts/3764/168671/3764_168671_000029_000002.wav,2
./dataset_libritts/3764/168671/3764_168671_000038_000002.wav,4
./dataset_libritts/3764/168671/3764_168671_000007_000005.wav,4
./dataset_libritts/3764/168671/3764_168671_000038_000003.wav,2
./dataset_libritts/3764/168671/3764_168671_000029_000001.wav,3
./dataset_libritts/3764/168671/3764_168671_000002_000000.wav,1
./dataset_libritts/3764/168671/3764_168671_000057_000000.wav,5
./dataset_libritts/3764/168671/3764_168671_000010_000001.wav,0
./dataset_libritts/3764/168671/3764_168671_000027_000001.wav,4
./dataset_libritts/3764/168671/3764_168671_000059_000000.wav,0
./dataset_libritts/3764/168671/3764_168671_000015_000004.wav,2
./dataset_libritts/3764/168671/3764_168671_000045_000000.wav,0
./dataset_libritts/3764/168671/3764_168671_000027_000000.wav,5
./dataset_libritts/3764/168671/3764_168671_000010_000000.wav,4
./dataset_libritts/3764/168671/3764_168671_000010_000002.wav,0
./dataset_libritts/3764/168671/3764_168671_000036_000000.wav,3
./dataset_libritts/3764/168671/3764_168671_000063_000000.wav,4
./dataset_libritts/3764/168671/3764_168671_000048_000000.wav,4
./dataset_libritts/3764/168671/3764_168671_000063_000001.wav,2
./dataset_libritts/3764/168671/3764_168671_000036_000001.wav,4
./dataset_libritts/3764/168671/3764_168671_000010_000003.wav,4
./dataset_libritts/3764/168671/3764_168671_000038_000008.wav,3
./dataset_libritts/3764/168671/3764_168671_000033_000000.wav,5
./dataset_libritts/3764/168671/3764_168671_000015_000002.wav,5
./dataset_libritts/3764/168671/3764_168671_000004_000000.wav,5
./dataset_libritts/3764/168671/3764_168671_000040_000002.wav,0
./dataset_libritts/3764/168671/3764_168671_000066_000000.wav,5
./dataset_libritts/3764/168671/3764_168671_000066_000001.wav,5
./dataset_libritts/3764/168671/3764_168671_000015_000003.wav,5
./dataset_libritts/3764/168671/3764_168671_000018_000000.wav,2
./dataset_libritts/3764/168671/3764_168671_000010_000004.wav,3
./dataset_libritts/3764/168671/3764_168671_000015_000001.wav,2
./dataset_libritts/3764/168671/3764_168671_000040_000001.wav,5
./dataset_libritts/3764/168671/3764_168671_000066_000003.wav,0
./dataset_libritts/3764/168671/3764_168671_000040_000000.wav,5
./dataset_libritts/3764/168671/3764_168671_000015_000000.wav,4
./dataset_libritts/3764/168671/3764_168671_000022_000000.wav,1
./dataset_libritts/3764/168671/3764_168671_000010_000005.wav,0
./dataset_libritts/3764/168671/3764_168671_000047_000000.wav,1
./dataset_libritts/3764/168671/3764_168671_000069_000004.wav,5
./dataset_libritts/3764/168671/3764_168671_000003_000002.wav,4
./dataset_libritts/3764/168671/3764_168671_000012_000000.wav,0
./dataset_libritts/3764/168671/3764_168671_000034_000002.wav,1
./dataset_libritts/3764/168671/3764_168671_000025_000000.wav,0
./dataset_libritts/3764/168671/3764_168671_000012_000001.wav,3
./dataset_libritts/3764/168671/3764_168671_000069_000005.wav,2
./dataset_libritts/3764/168671/3764_168671_000039_000000.wav,4
./dataset_libritts/3764/168671/3764_168671_000005_000008.wav,5
./dataset_libritts/3764/168671/3764_168671_000028_000000.wav,1
./dataset_libritts/3764/168671/3764_168671_000003_000001.wav,0
./dataset_libritts/3764/168671/3764_168671_000012_000003.wav,3
./dataset_libritts/3764/168671/3764_168671_000034_000001.wav,1
./dataset_libritts/3764/168671/3764_168671_000034_000000.wav,0
./dataset_libritts/3764/168671/3764_168671_000012_000002.wav,0
./dataset_libritts/3764/168671/3764_168671_000056_000000.wav,0
./dataset_libritts/3764/168671/3764_168671_000061_000000.wav,2
./dataset_libritts/3764/168671/3764_168671_000053_000001.wav,4
./dataset_libritts/3764/168671/3764_168671_000006_000001.wav,5
./dataset_libritts/3764/168671/3764_168671_000069_000002.wav,4
./dataset_libritts/3764/168671/3764_168671_000003_000004.wav,1
./dataset_libritts/3764/168671/3764_168671_000012_000006.wav,2
./dataset_libritts/3764/168671/3764_168671_000003_000005.wav,2
./dataset_libritts/3764/168671/3764_168671_000069_000003.wav,3
./dataset_libritts/3764/168671/3764_168671_000006_000000.wav,5
./dataset_libritts/3764/168671/3764_168671_000064_000000.wav,2
./dataset_libritts/3764/168671/3764_168671_000053_000000.wav,4
./dataset_libritts/3764/168671/3764_168671_000053_000002.wav,1
./dataset_libritts/3764/168671/3764_168671_000042_000000.wav,5
./dataset_libritts/3764/168671/3764_168671_000020_000000.wav,1
./dataset_libritts/3764/168671/3764_168671_000012_000005.wav,5
./dataset_libritts/3764/168671/3764_168671_000012_000004.wav,5
./dataset_libritts/3764/168671/3764_168671_000069_000000.wav,0
./dataset_libritts/3764/168671/3764_168671_000042_000001.wav,2
./dataset_libritts/3764/168671/3764_168671_000053_000003.wav,3
./dataset_libritts/8188/274364/8188_274364_000035_000003.wav,1
./dataset_libritts/8188/274364/8188_274364_000024_000000.wav,2
./dataset_libritts/8188/274364/8188_274364_000035_000002.wav,0
./dataset_libritts/8188/274364/8188_274364_000030_000000.wav,0
./dataset_libritts/8188/274364/8188_274364_000007_000000.wav,2
./dataset_libritts/8188/274364/8188_274364_000016_000002.wav,3
./dataset_libritts/8188/274364/8188_274364_000035_000005.wav,1
./dataset_libritts/8188/274364/8188_274364_000035_000004.wav,4
./dataset_libritts/8188/274364/8188_274364_000016_000003.wav,3
./dataset_libritts/8188/274364/8188_274364_000016_000001.wav,2
./dataset_libritts/8188/274364/8188_274364_000026_000000.wav,3
./dataset_libritts/8188/274364/8188_274364_000031_000001.wav,4
./dataset_libritts/8188/274364/8188_274364_000031_000003.wav,2
./dataset_libritts/8188/274364/8188_274364_000028_000000.wav,2
./dataset_libritts/8188/274364/8188_274364_000015_000002.wav,4
./dataset_libritts/8188/274364/8188_274364_000009_000000.wav,4
./dataset_libritts/8188/274364/8188_274364_000015_000001.wav,2
./dataset_libritts/8188/269290/8188_269290_000066_000000.wav,0
./dataset_libritts/8188/269290/8188_269290_000009_000001.wav,5
./dataset_libritts/8188/269290/8188_269290_000022_000000.wav,4
./dataset_libritts/8188/269290/8188_269290_000015_000000.wav,2
./dataset_libritts/8188/269290/8188_269290_000040_000000.wav,2
./dataset_libritts/8188/269290/8188_269290_000048_000002.wav,1
./dataset_libritts/8188/269290/8188_269290_000059_000000.wav,1
./dataset_libritts/8188/269290/8188_269290_000045_000001.wav,4
./dataset_libritts/8188/269290/8188_269290_000001_000003.wav,4
./dataset_libritts/8188/269290/8188_269290_000001_000002.wav,4
./dataset_libritts/8188/269290/8188_269290_000059_000001.wav,1
./dataset_libritts/8188/269290/8188_269290_000033_000005.wav,4
./dataset_libritts/8188/269290/8188_269290_000048_000001.wav,4
./dataset_libritts/8188/269290/8188_269290_000045_000002.wav,4
./dataset_libritts/8188/269290/8188_269290_000054_000000.wav,4
./dataset_libritts/8188/269290/8188_269290_000063_000000.wav,2
./dataset_libritts/8188/269290/8188_269290_000036_000000.wav,2
./dataset_libritts/8188/269290/8188_269290_000033_000004.wav,3
./dataset_libritts/8188/269290/8188_269290_000031_000001.wav,1
./dataset_libritts/8188/269290/8188_269290_000053_000001.wav,1
./dataset_libritts/8188/269290/8188_269290_000042_000002.wav,4
./dataset_libritts/8188/269290/8188_269290_000017_000002.wav,2
./dataset_libritts/8188/269290/8188_269290_000006_000000.wav,4
./dataset_libritts/8188/269290/8188_269290_000020_000000.wav,0
./dataset_libritts/8188/269290/8188_269290_000053_000002.wav,1
./dataset_libritts/8188/269290/8188_269290_000042_000000.wav,2
./dataset_libritts/8188/269290/8188_269290_000042_000001.wav,4
./dataset_libritts/8188/269290/8188_269290_000017_000001.wav,2
./dataset_libritts/8188/269290/8188_269290_000025_000000.wav,2
./dataset_libritts/8188/269290/8188_269290_000047_000000.wav,0
./dataset_libritts/8188/269290/8188_269290_000039_000000.wav,5
./dataset_libritts/8188/269290/8188_269290_000003_000003.wav,1
./dataset_libritts/8188/269290/8188_269290_000034_000001.wav,1
./dataset_libritts/8188/269290/8188_269290_000003_000001.wav,4
./dataset_libritts/8188/269290/8188_269290_000061_000001.wav,2
./dataset_libritts/8188/269290/8188_269290_000053_000004.wav,5
./dataset_libritts/8188/269290/8188_269290_000061_000000.wav,4
./dataset_libritts/8188/269290/8188_269290_000003_000000.wav,4
./dataset_libritts/8188/269290/8188_269290_000044_000001.wav,2
./dataset_libritts/8188/269290/8188_269290_000062_000003.wav,3
./dataset_libritts/8188/269290/8188_269290_000041_000004.wav,3
./dataset_libritts/8188/269290/8188_269290_000005_000006.wav,1
./dataset_libritts/8188/269290/8188_269290_000058_000000.wav,2
./dataset_libritts/8188/269290/8188_269290_000049_000002.wav,3
./dataset_libritts/8188/269290/8188_269290_000026_000000.wav,5
./dataset_libritts/8188/269290/8188_269290_000062_000002.wav,4
./dataset_libritts/8188/269290/8188_269290_000055_000002.wav,5
./dataset_libritts/8188/269290/8188_269290_000055_000000.wav,1
./dataset_libritts/8188/269290/8188_269290_000062_000000.wav,1
./dataset_libritts/8188/269290/8188_269290_000049_000001.wav,1
./dataset_libritts/8188/269290/8188_269290_000049_000000.wav,5
./dataset_libritts/8188/269290/8188_269290_000000_000001.wav,5
./dataset_libritts/8188/269290/8188_269290_000037_000001.wav,0
./dataset_libritts/8188/269290/8188_269290_000062_000001.wav,3
./dataset_libritts/8188/269290/8188_269290_000055_000001.wav,3
./dataset_libritts/8188/269290/8188_269290_000019_000001.wav,3
./dataset_libritts/8188/269290/8188_269290_000067_000000.wav,5
./dataset_libritts/8188/269290/8188_269290_000050_000000.wav,4
./dataset_libritts/8188/269290/8188_269290_000041_000002.wav,0
./dataset_libritts/8188/269290/8188_269290_000005_000000.wav,0
./dataset_libritts/8188/269290/8188_269290_000032_000000.wav,1
./dataset_libritts/8188/269290/8188_269290_000005_000001.wav,1
./dataset_libritts/8188/269290/8188_269290_000041_000003.wav,0
./dataset_libritts/8188/269290/8188_269290_000050_000001.wav,3
./dataset_libritts/8188/269290/8188_269290_000019_000000.wav,1
./dataset_libritts/8188/269290/8188_269290_000008_000000.wav,0
./dataset_libritts/8188/269290/8188_269290_000005_000003.wav,1
./dataset_libritts/8188/269290/8188_269290_000058_000005.wav,4
./dataset_libritts/8188/269290/8188_269290_000023_000000.wav,0
./dataset_libritts/8188/269290/8188_269290_000038_000001.wav,1
./dataset_libritts/8188/269290/8188_269290_000024_000000.wav,2
./dataset_libritts/8188/269290/8188_269290_000035_000002.wav,0
./dataset_libritts/8188/269290/8188_269290_000068_000004.wav,1
./dataset_libritts/8188/269290/8188_269290_000046_000000.wav,2
./dataset_libritts/8188/269290/8188_269290_000060_000002.wav,4
./dataset_libritts/8188/269290/8188_269290_000068_000005.wav,4
./dataset_libritts/8188/269290/8188_269290_000029_000000.wav,0
./dataset_libritts/8188/269290/8188_269290_000035_000001.wav,2
./dataset_libritts/8188/269290/8188_269290_000057_000001.wav,2
./dataset_libritts/8188/269290/8188_269290_000060_000001.wav,5
./dataset_libritts/8188/269290/8188_269290_000060_000000.wav,5
./dataset_libritts/8188/269290/8188_269290_000035_000000.wav,0
./dataset_libritts/8188/269290/8188_269290_000007_000001.wav,1
./dataset_libritts/8188/269290/8188_269290_000030_000001.wav,1
./dataset_libritts/8188/269290/8188_269290_000068_000002.wav,4
./dataset_libritts/8188/269290/8188_269290_000060_000004.wav,2
./dataset_libritts/8188/269290/8188_269290_000052_000000.wav,5
./dataset_libritts/8188/269290/8188_269290_000065_000000.wav,2
./dataset_libritts/8188/269290/8188_269290_000030_000000.wav,3
./dataset_libritts/8188/269290/8188_269290_000016_000002.wav,5
./dataset_libritts/8188/269290/8188_269290_000016_000000.wav,1
./dataset_libritts/8188/269290/8188_269290_000007_000002.wav,5
./dataset_libritts/8188/269290/8188_269290_000021_000000.wav,2
./dataset_libritts/8188/269290/8188_269290_000030_000002.wav,5
./dataset_libritts/8188/269290/8188_269290_000043_000000.wav,4
./dataset_libritts/8188/269290/8188_269290_000068_000001.wav,0
./dataset_libritts/8188/269290/8188_269290_000007_000003.wav,5
./dataset_libritts/8188/269290/8188_269290_000016_000001.wav,2
./dataset_libritts/8188/269288/8188_269288_000048_000000.wav,5
./dataset_libritts/8188/269288/8188_269288_000004_000004.wav,1
./dataset_libritts/8188/269288/8188_269288_000036_000001.wav,0
./dataset_libritts/8188/269288/8188_269288_000054_000000.wav,3
./dataset_libritts/8188/269288/8188_269288_000036_000000.wav,3
./dataset_libritts/8188/269288/8188_269288_000001_000000.wav,5
./dataset_libritts/8188/269288/8188_269288_000010_000002.wav,3
./dataset_libritts/8188/269288/8188_269288_000036_000002.wav,1
./dataset_libritts/8188/269288/8188_269288_000045_000000.wav,3
./dataset_libritts/8188/269288/8188_269288_000010_000001.wav,0
./dataset_libritts/8188/269288/8188_269288_000015_000000.wav,0
./dataset_libritts/8188/269288/8188_269288_000004_000002.wav,4
./dataset_libritts/8188/269288/8188_269288_000004_000003.wav,3
./dataset_libritts/8188/269288/8188_269288_000004_000001.wav,1
./dataset_libritts/8188/269288/8188_269288_000040_000003.wav,3
./dataset_libritts/8188/269288/8188_269288_000018_000000.wav,5
./dataset_libritts/8188/269288/8188_269288_000018_000001.wav,2
./dataset_libritts/8188/269288/8188_269288_000051_000000.wav,2
./dataset_libritts/8188/269288/8188_269288_000040_000002.wav,1
./dataset_libritts/8188/269288/8188_269288_000047_000002.wav,3
./dataset_libritts/8188/269288/8188_269288_000028_000001.wav,0
./dataset_libritts/8188/269288/8188_269288_000039_000002.wav,0
./dataset_libritts/8188/269288/8188_269288_000034_000001.wav,0
./dataset_libritts/8188/269288/8188_269288_000047_000003.wav,2
./dataset_libritts/8188/269288/8188_269288_000047_000001.wav,4
./dataset_libritts/8188/269288/8188_269288_000042_000004.wav,3
./dataset_libritts/8188/269288/8188_269288_000039_000000.wav,4
./dataset_libritts/8188/269288/8188_269288_000039_000001.wav,5
./dataset_libritts/8188/269288/8188_269288_000025_000000.wav,0
./dataset_libritts/8188/269288/8188_269288_000012_000000.wav,0
./dataset_libritts/8188/269288/8188_269288_000047_000000.wav,1
./dataset_libritts/8188/269288/8188_269288_000053_000003.wav,0
./dataset_libritts/8188/269288/8188_269288_000017_000000.wav,5
./dataset_libritts/8188/269288/8188_269288_000020_000000.wav,1
./dataset_libritts/8188/269288/8188_269288_000042_000000.wav,3
./dataset_libritts/8188/269288/8188_269288_000053_000002.wav,1
./dataset_libritts/8188/269288/8188_269288_000047_000005.wav,2
./dataset_libritts/8188/269288/8188_269288_000053_000000.wav,3
./dataset_libritts/8188/269288/8188_269288_000042_000002.wav,4
./dataset_libritts/8188/269288/8188_269288_000031_000000.wav,4
./dataset_libritts/8188/269288/8188_269288_000042_000003.wav,5
./dataset_libritts/8188/269288/8188_269288_000053_000001.wav,3
./dataset_libritts/8188/269288/8188_269288_000008_000001.wav,5
./dataset_libritts/8188/269288/8188_269288_000014_000000.wav,5
./dataset_libritts/8188/269288/8188_269288_000041_000001.wav,0
./dataset_libritts/8188/269288/8188_269288_000023_000001.wav,4
./dataset_libritts/8188/269288/8188_269288_000008_000000.wav,3
./dataset_libritts/8188/269288/8188_269288_000019_000000.wav,0
./dataset_libritts/8188/269288/8188_269288_000032_000001.wav,5
./dataset_libritts/8188/269288/8188_269288_000050_000001.wav,3
./dataset_libritts/8188/269288/8188_269288_000041_000002.wav,4
./dataset_libritts/8188/269288/8188_269288_000050_000000.wav,3
./dataset_libritts/8188/269288/8188_269288_000008_000003.wav,0
./dataset_libritts/8188/269288/8188_269288_000055_000001.wav,0
./dataset_libritts/8188/269288/8188_269288_000049_000001.wav,0
./dataset_libritts/8188/269288/8188_269288_000055_000000.wav,5
./dataset_libritts/8188/269288/8188_269288_000011_000002.wav,5
./dataset_libritts/8188/269288/8188_269288_000026_000000.wav,5
./dataset_libritts/8188/269288/8188_269288_000044_000000.wav,0
./dataset_libritts/8188/269288/8188_269288_000008_000004.wav,1
./dataset_libritts/8188/269288/8188_269288_000058_000001.wav,0
./dataset_libritts/8188/269288/8188_269288_000049_000002.wav,4
./dataset_libritts/8188/269288/8188_269288_000058_000000.wav,0
./dataset_libritts/8188/269288/8188_269288_000043_000001.wav,3
./dataset_libritts/8188/269288/8188_269288_000016_000001.wav,4
./dataset_libritts/8188/269288/8188_269288_000016_000000.wav,3
./dataset_libritts/8188/269288/8188_269288_000021_000000.wav,0
./dataset_libritts/8188/269288/8188_269288_000043_000002.wav,1
./dataset_libritts/8188/269288/8188_269288_000021_000002.wav,3
./dataset_libritts/8188/269288/8188_269288_000030_000000.wav,0
./dataset_libritts/8188/269288/8188_269288_000007_000000.wav,4
./dataset_libritts/8188/269288/8188_269288_000030_000001.wav,5
./dataset_libritts/8188/269288/8188_269288_000057_000000.wav,2
./dataset_libritts/8188/269288/8188_269288_000029_000000.wav,0
./dataset_libritts/8188/269288/8188_269288_000029_000002.wav,2
./dataset_libritts/8188/269288/8188_269288_000038_000000.wav,5
./dataset_libritts/8188/269288/8188_269288_000046_000001.wav,4
./dataset_libritts/8188/269288/8188_269288_000013_000001.wav,2
./dataset_libritts/8188/269288/8188_269288_000002_000003.wav,4
./dataset_libritts/8188/269288/8188_269288_000002_000002.wav,4
./dataset_libritts/8188/269288/8188_269288_000013_000000.wav,2
./dataset_libritts/8188/269288/8188_269288_000046_000000.wav,4
./dataset_libritts/3331/159605/3331_159605_000039_000000.wav,5
./dataset_libritts/3331/159605/3331_159605_000070_000001.wav,2
./dataset_libritts/3331/159605/3331_159605_000025_000000.wav,1
./dataset_libritts/3331/159605/3331_159605_000070_000000.wav,2
./dataset_libritts/3331/159605/3331_159605_000047_000000.wav,3
./dataset_libritts/3331/159605/3331_159605_000006_000005.wav,0
./dataset_libritts/3331/159605/3331_159605_000061_000000.wav,5
./dataset_libritts/3331/159605/3331_159605_000012_000002.wav,5
./dataset_libritts/3331/159605/3331_159605_000008_000009.wav,3
./dataset_libritts/3331/159605/3331_159605_000082_000000.wav,2
./dataset_libritts/3331/159605/3331_159605_000061_000001.wav,1
./dataset_libritts/3331/159605/3331_159605_000028_000000.wav,3
./dataset_libritts/3331/159605/3331_159605_000006_000000.wav,2
./dataset_libritts/3331/159605/3331_159605_000006_000001.wav,0
./dataset_libritts/3331/159605/3331_159605_000096_000000.wav,2
./dataset_libritts/3331/159605/3331_159605_000006_000002.wav,2
./dataset_libritts/3331/159605/3331_159605_000015_000005.wav,0
./dataset_libritts/3331/159605/3331_159605_000059_000000.wav,5
./dataset_libritts/3331/159605/3331_159605_000010_000001.wav,4
./dataset_libritts/3331/159605/3331_159605_000036_000001.wav,3
./dataset_libritts/3331/159605/3331_159605_000048_000000.wav,0
./dataset_libritts/3331/159605/3331_159605_000054_000000.wav,3
./dataset_libritts/3331/159605/3331_159605_000001_000000.wav,5
./dataset_libritts/3331/159605/3331_159605_000010_000002.wav,5
./dataset_libritts/3331/159605/3331_159605_000036_000000.wav,2
./dataset_libritts/3331/159605/3331_159605_000010_000006.wav,3
./dataset_libritts/3331/159605/3331_159605_000018_000000.wav,5
./dataset_libritts/3331/159605/3331_159605_000085_000000.wav,4
./dataset_libritts/3331/159605/3331_159605_000051_000000.wav,2
./dataset_libritts/3331/159605/3331_159605_000015_000002.wav,0
./dataset_libritts/3331/159605/3331_159605_000099_000000.wav,0
./dataset_libritts/3331/159605/3331_159605_000099_000002.wav,4
./dataset_libritts/3331/159605/3331_159605_000088_000000.wav,2
./dataset_libritts/3331/159605/3331_159605_000040_000000.wav,1
./dataset_libritts/3331/159605/3331_159605_000002_000008.wav,2
./dataset_libritts/3331/159605/3331_159605_000002_000011.wav,2
./dataset_libritts/3331/159605/3331_159605_000065_000000.wav,1
./dataset_libritts/3331/159605/3331_159605_000002_000004.wav,1
./dataset_libritts/3331/159605/3331_159605_000013_000006.wav,4
./dataset_libritts/3331/159605/3331_159605_000002_000010.wav,1
./dataset_libritts/3331/159605/3331_159605_000013_000004.wav,1
./dataset_libritts/3331/159605/3331_159605_000002_000012.wav,5
./dataset_libritts/3331/159605/3331_159605_000068_000000.wav,2
./dataset_libritts/3331/159605/3331_159605_000016_000001.wav,5
./dataset_libritts/3331/159605/3331_159605_000043_000000.wav,2
./dataset_libritts/3331/159605/3331_159605_000092_000000.wav,1
./dataset_libritts/3331/159605/3331_159605_000038_000000.wav,0
./dataset_libritts/3331/159605/3331_159605_000046_000000.wav,5
./dataset_libritts/3331/159605/3331_159605_000060_000000.wav,2
./dataset_libritts/3331/159605/3331_159605_000013_000002.wav,2
./dataset_libritts/3331/159605/3331_159605_000002_000000.wav,5
./dataset_libritts/3331/159605/3331_159605_000008_000002.wav,2
./dataset_libritts/3331/159605/3331_159605_000019_000000.wav,1
./dataset_libritts/3331/159605/3331_159605_000019_000001.wav,1
./dataset_libritts/3331/159605/3331_159605_000050_000000.wav,4
./dataset_libritts/3331/159605/3331_159605_000032_000000.wav,0
./dataset_libritts/3331/159605/3331_159605_000005_000002.wav,4
./dataset_libritts/3331/159605/3331_159605_000023_000000.wav,3
./dataset_libritts/3331/159605/3331_159605_000076_000000.wav,3
./dataset_libritts/3331/159605/3331_159605_000089_000000.wav,4
./dataset_libritts/3331/159605/3331_159605_000008_000000.wav,2
./dataset_libritts/3331/159605/3331_159605_000026_000000.wav,1
./dataset_libritts/3331/159605/3331_159605_000008_000010.wav,0
./dataset_libritts/3331/159605/3331_159605_000008_000004.wav,0
./dataset_libritts/3331/159605/3331_159605_000044_000001.wav,2
./dataset_libritts/3331/159605/3331_159605_000090_000000.wav,3
./dataset_libritts/3331/159605/3331_159605_000049_000000.wav,3
./dataset_libritts/3331/159605/3331_159605_000062_000000.wav,5
./dataset_libritts/3331/159605/3331_159605_000037_000000.wav,4
./dataset_libritts/3331/159609/3331_159609_000073_000000.wav,5
./dataset_libritts/3331/159609/3331_159609_000055_000001.wav,0
./dataset_libritts/3331/159609/3331_159609_000037_000000.wav,2
./dataset_libritts/3331/159609/3331_159609_000000_000000.wav,2
./dataset_libritts/3331/159609/3331_159609_000062_000000.wav,5
./dataset_libritts/3331/159609/3331_159609_000019_000000.wav,3
./dataset_libritts/3331/159609/3331_159609_000023_000003.wav,1
./dataset_libritts/3331/159609/3331_159609_000005_000000.wav,4
./dataset_libritts/3331/159609/3331_159609_000041_000000.wav,2
./dataset_libritts/3331/159609/3331_159609_000023_000000.wav,3
./dataset_libritts/3331/159609/3331_159609_000024_000000.wav,0
./dataset_libritts/3331/159609/3331_159609_000035_000000.wav,0
./dataset_libritts/3331/159609/3331_159609_000002_000001.wav,3
./dataset_libritts/3331/159609/3331_159609_000029_000000.wav,5
./dataset_libritts/3331/159609/3331_159609_000007_000001.wav,1
./dataset_libritts/3331/159609/3331_159609_000030_000001.wav,3
./dataset_libritts/3331/159609/3331_159609_000021_000001.wav,1
./dataset_libritts/3331/159609/3331_159609_000016_000000.wav,4
./dataset_libritts/3331/159609/3331_159609_000018_000000.wav,3
./dataset_libritts/3331/159609/3331_159609_000004_000000.wav,0
./dataset_libritts/3331/159609/3331_159609_000022_000000.wav,2
./dataset_libritts/3331/159609/3331_159609_000015_000000.wav,4
./dataset_libritts/3331/159609/3331_159609_000009_000000.wav,1
./dataset_libritts/3331/159609/3331_159609_000001_000002.wav,4
./dataset_libritts/3331/159609/3331_159609_000010_000000.wav,0
./dataset_libritts/3331/159609/3331_159609_000001_000003.wav,2
./dataset_libritts/3331/159609/3331_159609_000059_000000.wav,4
./dataset_libritts/3331/159609/3331_159609_000054_000001.wav,5
./dataset_libritts/3331/159609/3331_159609_000036_000000.wav,3
./dataset_libritts/3331/159609/3331_159609_000045_000002.wav,4
./dataset_libritts/3331/159609/3331_159609_000031_000000.wav,2
./dataset_libritts/3331/159609/3331_159609_000006_000001.wav,4
./dataset_libritts/3331/159609/3331_159609_000042_000001.wav,0
./dataset_libritts/3331/159609/3331_159609_000064_000002.wav,1
./dataset_libritts/3331/159609/3331_159609_000017_000000.wav,2
./dataset_libritts/3331/159609/3331_159609_000039_000000.wav,4
./dataset_libritts/3331/159609/3331_159609_000056_000002.wav,4
./dataset_libritts/3331/159609/3331_159609_000056_000000.wav,1
./dataset_libritts/3331/159609/3331_159609_000028_000000.wav,5
./dataset_libritts/3997/180294/3997_180294_000036_000001.wav,3
./dataset_libritts/3997/180294/3997_180294_000048_000000.wav,3
./dataset_libritts/3997/180294/3997_180294_000063_000000.wav,2
./dataset_libritts/3997/180294/3997_180294_000036_000000.wav,2
./dataset_libritts/3997/180294/3997_180294_000010_000000.wav,3
./dataset_libritts/3997/180294/3997_180294_000027_000000.wav,5
./dataset_libritts/3997/180294/3997_180294_000036_000002.wav,2
./dataset_libritts/3997/180294/3997_180294_000072_000000.wav,0
./dataset_libritts/3997/180294/3997_180294_000036_000003.wav,1
./dataset_libritts/3997/180294/3997_180294_000027_000001.wav,0
./dataset_libritts/3997/180294/3997_180294_000022_000000.wav,2
./dataset_libritts/3997/180294/3997_180294_000015_000000.wav,5
./dataset_libritts/3997/180294/3997_180294_000040_000001.wav,0
./dataset_libritts/3997/180294/3997_180294_000022_000001.wav,3
./dataset_libritts/3997/180294/3997_180294_000022_000003.wav,0
./dataset_libritts/3997/180294/3997_180294_000066_000000.wav,2
./dataset_libritts/3997/180294/3997_180294_000051_000000.wav,0
./dataset_libritts/3997/180294/3997_180294_000036_000005.wav,0
./dataset_libritts/3997/180294/3997_180294_000028_000001.wav,0
./dataset_libritts/3997/180294/3997_180294_000056_000000.wav,5
./dataset_libritts/3997/180294/3997_180294_000003_000001.wav,1
./dataset_libritts/3997/180294/3997_180294_000056_000001.wav,1
./dataset_libritts/3997/180294/3997_180294_000028_000000.wav,2
./dataset_libritts/3997/180294/3997_180294_000039_000000.wav,0
./dataset_libritts/3997/180294/3997_180294_000056_000003.wav,1
./dataset_libritts/3997/180294/3997_180294_000047_000001.wav,5
./dataset_libritts/3997/180294/3997_180294_000025_000000.wav,2
./dataset_libritts/3997/180294/3997_180294_000012_000000.wav,2
./dataset_libritts/3997/180294/3997_180294_000047_000000.wav,4
./dataset_libritts/3997/180294/3997_180294_000070_000000.wav,2
./dataset_libritts/3997/180294/3997_180294_000028_000003.wav,5
./dataset_libritts/3997/180294/3997_180294_000028_000007.wav,1
./dataset_libritts/3997/180294/3997_180294_000017_000001.wav,5
./dataset_libritts/3997/180294/3997_180294_000069_000000.wav,0
./dataset_libritts/3997/180294/3997_180294_000020_000000.wav,2
./dataset_libritts/3997/180294/3997_180294_000028_000006.wav,2
./dataset_libritts/3997/180294/3997_180294_000042_000000.wav,2
./dataset_libritts/3997/180294/3997_180294_000053_000000.wav,0
./dataset_libritts/3997/180294/3997_180294_000028_000004.wav,2
./dataset_libritts/3997/180294/3997_180294_000006_000000.wav,1
./dataset_libritts/3997/180294/3997_180294_000028_000005.wav,1
./dataset_libritts/3997/180294/3997_180294_000023_000000.wav,1
./dataset_libritts/3997/180294/3997_180294_000014_000000.wav,5
./dataset_libritts/3997/180294/3997_180294_000041_000000.wav,2
./dataset_libritts/3997/180294/3997_180294_000008_000000.wav,0
./dataset_libritts/3997/180294/3997_180294_000050_000000.wav,4
./dataset_libritts/3997/180294/3997_180294_000005_000000.wav,3
./dataset_libritts/3997/180294/3997_180294_000023_000002.wav,2
./dataset_libritts/3997/180294/3997_180294_000032_000000.wav,3
./dataset_libritts/3997/180294/3997_180294_000037_000001.wav,2
./dataset_libritts/3997/180294/3997_180294_000055_000000.wav,3
./dataset_libritts/3997/180294/3997_180294_000062_000000.wav,2
./dataset_libritts/3997/180294/3997_180294_000026_000002.wav,1
./dataset_libritts/3997/180294/3997_180294_000037_000000.wav,1
./dataset_libritts/3997/180294/3997_180294_000011_000000.wav,0
./dataset_libritts/3997/180294/3997_180294_000026_000000.wav,1
./dataset_libritts/3997/180294/3997_180294_000044_000000.wav,3
./dataset_libritts/3997/180294/3997_180294_000026_000001.wav,5
./dataset_libritts/3997/180294/3997_180294_000058_000000.wav,0
./dataset_libritts/3997/180294/3997_180294_000068_000000.wav,4
./dataset_libritts/3997/180294/3997_180294_000021_000001.wav,1
./dataset_libritts/3997/180294/3997_180294_000016_000000.wav,0
./dataset_libritts/3997/180294/3997_180294_000043_000000.wav,4
./dataset_libritts/3997/180294/3997_180294_000052_000000.wav,4
./dataset_libritts/3997/180294/3997_180294_000065_000000.wav,5
./dataset_libritts/3997/180294/3997_180294_000007_000000.wav,5
./dataset_libritts/3997/180294/3997_180294_000065_000001.wav,1
./dataset_libritts/3997/180294/3997_180294_000071_000002.wav,4
./dataset_libritts/3997/180294/3997_180294_000060_000000.wav,1
./dataset_libritts/3997/180294/3997_180294_000057_000000.wav,1
./dataset_libritts/3997/180294/3997_180294_000002_000000.wav,5
./dataset_libritts/3997/180294/3997_180294_000029_000001.wav,3
./dataset_libritts/3997/180294/3997_180294_000029_000000.wav,5
./dataset_libritts/3997/180294/3997_180294_000024_000000.wav,4
./dataset_libritts/3997/180294/3997_180294_000013_000000.wav,5
./dataset_libritts/3997/180294/3997_180294_000046_000000.wav,2
./dataset_libritts/3997/180294/3997_180294_000071_000000.wav,3
./dataset_libritts/3997/182399/3997_182399_000006_000003.wav,4
./dataset_libritts/3997/182399/3997_182399_000006_000002.wav,0
./dataset_libritts/3997/182399/3997_182399_000006_000001.wav,5
./dataset_libritts/3997/182399/3997_182399_000025_000001.wav,2
./dataset_libritts/3997/182399/3997_182399_000012_000000.wav,3
./dataset_libritts/3997/182399/3997_182399_000022_000000.wav,2
./dataset_libritts/3997/182399/3997_182399_000015_000000.wav,1
./dataset_libritts/3997/182399/3997_182399_000027_000004.wav,0
./dataset_libritts/3997/182399/3997_182399_000018_000000.wav,0
./dataset_libritts/3997/182399/3997_182399_000004_000001.wav,2
./dataset_libritts/3997/182399/3997_182399_000004_000000.wav,5
./dataset_libritts/3997/182399/3997_182399_000018_000001.wav,3
./dataset_libritts/3997/182399/3997_182399_000027_000003.wav,0
./dataset_libritts/3997/182399/3997_182399_000027_000002.wav,5
./dataset_libritts/3997/182399/3997_182399_000001_000000.wav,0
./dataset_libritts/3997/182399/3997_182399_000002_000000.wav,3
./dataset_libritts/3997/182399/3997_182399_000029_000001.wav,1
./dataset_libritts/3997/182399/3997_182399_000029_000000.wav,1
./dataset_libritts/3997/182399/3997_182399_000002_000001.wav,3
./dataset_libritts/3997/182399/3997_182399_000013_000000.wav,4
./dataset_libritts/3997/182399/3997_182399_000002_000002.wav,1
./dataset_libritts/3997/182399/3997_182399_000016_000001.wav,5
./dataset_libritts/3997/182399/3997_182399_000016_000000.wav,3
./dataset_libritts/3997/182399/3997_182399_000021_000000.wav,5
./dataset_libritts/3997/182399/3997_182399_000030_000000.wav,4
./dataset_libritts/3997/182399/3997_182399_000007_000000.wav,4
./dataset_libritts/3997/182399/3997_182399_000000_000000.wav,2
./dataset_libritts/3997/182399/3997_182399_000011_000002.wav,3
./dataset_libritts/3997/182399/3997_182399_000011_000000.wav,4
./dataset_libritts/3997/182399/3997_182399_000011_000001.wav,2
./dataset_libritts/3997/182399/3997_182399_000014_000000.wav,0
./dataset_libritts/3997/182399/3997_182399_000014_000001.wav,4
./dataset_libritts/3997/182399/3997_182399_000014_000003.wav,0
./dataset_libritts/3997/180297/3997_180297_000017_000000.wav,1
./dataset_libritts/3997/180297/3997_180297_000020_000000.wav,1
./dataset_libritts/3997/180297/3997_180297_000042_000000.wav,0
./dataset_libritts/3997/180297/3997_180297_000053_000000.wav,0
./dataset_libritts/3997/180297/3997_180297_000031_000000.wav,3
./dataset_libritts/3997/180297/3997_180297_000006_000000.wav,5
./dataset_libritts/3997/180297/3997_180297_000034_000005.wav,0
./dataset_libritts/3997/180297/3997_180297_000034_000004.wav,4
./dataset_libritts/3997/180297/3997_180297_000056_000000.wav,4
./dataset_libritts/3997/180297/3997_180297_000003_000000.wav,3
./dataset_libritts/3997/180297/3997_180297_000039_000002.wav,4
./dataset_libritts/3997/180297/3997_180297_000039_000000.wav,1
./dataset_libritts/3997/180297/3997_180297_000028_000002.wav,5
./dataset_libritts/3997/180297/3997_180297_000032_000008.wav,5
./dataset_libritts/3997/180297/3997_180297_000025_000001.wav,0
./dataset_libritts/3997/180297/3997_180297_000034_000002.wav,5
./dataset_libritts/3997/180297/3997_180297_000012_000000.wav,5
./dataset_libritts/3997/180297/3997_180297_000047_000000.wav,4
./dataset_libritts/3997/180297/3997_180297_000032_000009.wav,0
./dataset_libritts/3997/180297/3997_180297_000009_000001.wav,5
./dataset_libritts/3997/180297/3997_180297_000033_000002.wav,5
./dataset_libritts/3997/180297/3997_180297_000015_000000.wav,1
./dataset_libritts/3997/180297/3997_180297_000040_000000.wav,2
./dataset_libritts/3997/180297/3997_180297_000033_000003.wav,4
./dataset_libritts/3997/180297/3997_180297_000009_000000.wav,4
./dataset_libritts/3997/180297/3997_180297_000018_000000.wav,5
./dataset_libritts/3997/180297/3997_180297_000009_000002.wav,3
./dataset_libritts/3997/180297/3997_180297_000033_000001.wav,4
./dataset_libritts/3997/180297/3997_180297_000051_000000.wav,3
./dataset_libritts/3997/180297/3997_180297_000004_000000.wav,2
./dataset_libritts/3997/180297/3997_180297_000033_000000.wav,5
./dataset_libritts/3997/180297/3997_180297_000048_000000.wav,0
./dataset_libritts/3997/180297/3997_180297_000054_000000.wav,1
./dataset_libritts/3997/180297/3997_180297_000010_000000.wav,2
./dataset_libritts/3997/180297/3997_180297_000027_000000.wav,4
./dataset_libritts/3997/180297/3997_180297_000045_000000.wav,2
./dataset_libritts/3997/180297/3997_180297_000030_000009.wav,4
./dataset_libritts/3997/180297/3997_180297_000059_000000.wav,3
./dataset_libritts/3997/180297/3997_180297_000010_000001.wav,5
./dataset_libritts/3997/180297/3997_180297_000060_000000.wav,3
./dataset_libritts/3997/180297/3997_180297_000057_000000.wav,2
./dataset_libritts/3997/180297/3997_180297_000002_000000.wav,0
./dataset_libritts/3997/180297/3997_180297_000035_000000.wav,3
./dataset_libritts/3997/180297/3997_180297_000035_000001.wav,2
./dataset_libritts/3997/180297/3997_180297_000035_000003.wav,0
./dataset_libritts/3997/180297/3997_180297_000024_000000.wav,0
./dataset_libritts/3997/180297/3997_180297_000013_000000.wav,0
./dataset_libritts/3997/180297/3997_180297_000046_000000.wav,0
./dataset_libritts/3997/180297/3997_180297_000021_000000.wav,3
./dataset_libritts/3997/180297/3997_180297_000043_000000.wav,4
./dataset_libritts/3997/180297/3997_180297_000035_000005.wav,2
./dataset_libritts/3997/180297/3997_180297_000052_000000.wav,3
./dataset_libritts/3997/180297/3997_180297_000007_000000.wav,0
./dataset_libritts/3997/180297/3997_180297_000030_000001.wav,4
./dataset_libritts/3997/180297/3997_180297_000035_000004.wav,5
./dataset_libritts/3997/180297/3997_180297_000049_000000.wav,0
./dataset_libritts/3997/180297/3997_180297_000055_000001.wav,2
./dataset_libritts/3997/180297/3997_180297_000055_000000.wav,4
./dataset_libritts/3997/180297/3997_180297_000037_000000.wav,4
./dataset_libritts/3997/180297/3997_180297_000000_000000.wav,2
./dataset_libritts/3997/180297/3997_180297_000032_000005.wav,3
./dataset_libritts/3997/180297/3997_180297_000032_000007.wav,0
./dataset_libritts/3997/180297/3997_180297_000037_000002.wav,2
./dataset_libritts/3997/180297/3997_180297_000026_000000.wav,2
./dataset_libritts/3997/180297/3997_180297_000044_000000.wav,3
./dataset_libritts/3997/180297/3997_180297_000023_000000.wav,0
./dataset_libritts/3997/180297/3997_180297_000014_000000.wav,1
./dataset_libritts/3997/180297/3997_180297_000041_000000.wav,4
./dataset_libritts/3997/180297/3997_180297_000014_000001.wav,4
./dataset_libritts/3997/180297/3997_180297_000032_000003.wav,5
./dataset_libritts/3997/180297/3997_180297_000005_000001.wav,3
./dataset_libritts/3997/180297/3997_180297_000019_000000.wav,3
./dataset_libritts/3997/180297/3997_180297_000050_000000.wav,4
./dataset_libritts/3997/180297/3997_180297_000005_000000.wav,0
./dataset_libritts/2414/128292/2414_128292_000031_000001.wav,3
./dataset_libritts/2414/128292/2414_128292_000017_000002.wav,5
./dataset_libritts/2414/128292/2414_128292_000031_000000.wav,2
./dataset_libritts/2414/128292/2414_128292_000017_000000.wav,0
./dataset_libritts/2414/128292/2414_128292_000003_000000.wav,1
./dataset_libritts/2414/128292/2414_128292_000018_000000.wav,2
./dataset_libritts/2414/128292/2414_128292_000022_000001.wav,4
./dataset_libritts/2414/128292/2414_128292_000010_000001.wav,4
./dataset_libritts/2414/128292/2414_128292_000027_000000.wav,3
./dataset_libritts/2414/128292/2414_128292_000010_000000.wav,4
./dataset_libritts/2414/128292/2414_128292_000001_000000.wav,4
./dataset_libritts/2414/128292/2414_128292_000001_000001.wav,0
./dataset_libritts/2414/128292/2414_128292_000013_000000.wav,2
./dataset_libritts/2414/128292/2414_128292_000024_000000.wav,5
./dataset_libritts/2414/128292/2414_128292_000016_000003.wav,0
./dataset_libritts/2414/128292/2414_128292_000016_000002.wav,1
./dataset_libritts/2414/128292/2414_128292_000030_000000.wav,5
./dataset_libritts/2414/128291/2414_128291_000010_000000.wav,2
./dataset_libritts/2414/128291/2414_128291_000010_000002.wav,3
./dataset_libritts/2414/128291/2414_128291_000036_000000.wav,4
./dataset_libritts/2414/128291/2414_128291_000015_000001.wav,3
./dataset_libritts/2414/128291/2414_128291_000009_000000.wav,2
./dataset_libritts/2414/128291/2414_128291_000009_000001.wav,2
./dataset_libritts/2414/128291/2414_128291_000015_000000.wav,1
./dataset_libritts/2414/128291/2414_128291_000025_000000.wav,5
./dataset_libritts/2414/128291/2414_128291_000008_000000.wav,2
./dataset_libritts/2414/128291/2414_128291_000008_000001.wav,4
./dataset_libritts/2414/128291/2414_128291_000011_000001.wav,0
./dataset_libritts/2414/128291/2414_128291_000016_000000.wav,3
./dataset_libritts/2414/159411/2414_159411_000007_000001.wav,5
./dataset_libritts/2414/159411/2414_159411_000007_000006.wav,5
./dataset_libritts/2414/159411/2414_159411_000007_000005.wav,3
./dataset_libritts/2414/159411/2414_159411_000007_000004.wav,1
./dataset_libritts/2414/159411/2414_159411_000005_000001.wav,0
./dataset_libritts/2414/159411/2414_159411_000011_000005.wav,4
./dataset_libritts/2414/159411/2414_159411_000011_000000.wav,5
./dataset_libritts/2414/159411/2414_159411_000003_000000.wav,1
./dataset_libritts/2414/159411/2414_159411_000011_000009.wav,1
./dataset_libritts/2414/159411/2414_159411_000011_000008.wav,2
./dataset_libritts/2414/159411/2414_159411_000010_000001.wav,5
./dataset_libritts/2414/159411/2414_159411_000004_000001.wav,4
./dataset_libritts/2414/159411/2414_159411_000009_000002.wav,4
./dataset_libritts/2414/159411/2414_159411_000009_000001.wav,3